{

"landScheme": "vanilla",

"tempScheme": "medium_zones",

"rainScheme": "medium_zones",

"biomeSize": "large",

"amplitude": 1,

"generateBopOre": false,

"generateBopSoils": true,

"generateBopTrees": true,

"generateBopGrasses": true,

"generateBopFoliage": true,

"generateBopFlowers": true,

"generateBopPlants": true,

"generateBopWaterPlants": true,

"generateBopMushrooms": true,

"generateRockFormations": true,

"generatePoisonIvy": false,

"generateBerryBushes": true,

"generateThorns": true,

"generateQuicksand": true,

"generateLiquidPoison": true,

"generateHotSprings": true,

"generateNetherHives": true,

"generateEndFeatures": true,

"mainNoiseScaleX": 80,

"mainNoiseScaleY": 160,

"mainNoiseScaleZ": 80,

"coordinateScale": 684.412,

"heightScale": 684.412,

"upperLimitScale": 512,

"lowerLimitScale": 512

}
